DistrictId,District,BlockId,Block,ClusterId,Cluster,SchoolId,School,SchoolCategory,SchoolManagement,TotalSchoolStudent,Class1_Boys,Class1_Girls,Class1_Transgender,Class1_Total,AsonDate
2404,MAHESANA,240402,KADI,2404020005,KADI KUMAR SHALA - 3,24040206603,Aadarsh Primary School English Medium,2,5,92,31,26,0,57,8/19/2026 12:26
2404,MAHESANA,240402,KADI,2404020003,KADI KANYA SHALA - 4,24040206401,ADARSH GANDHI SMARAK KANYA SCH,2,3,39,0,9,0,9,8/19/2026 12:26
2404,MAHESANA,240402,KADI,2404020005,KADI KUMAR SHALA - 3,24040206604,Adarsh Primary Hindi Medium SCHOOL,2,5,34,11,10,0,21,8/19/2026 12:26
2404,MAHESANA,240402,KADI,2404020011,NAVAPURA (NA),24040209704,ADARSH PRIMARY SCHOOL - 2,2,5,32,0,11,0,11,8/19/2026 12:26
2404,MAHESANA,240402,KADI,2404020008,KUNDAL,24040200301,ADUNDARA PRIMARY SCHOOL,2,3,24,3,1,0,4,8/19/2026 12:26
2404,MAHESANA,240402,KADI,2404020010,MEDHA,24040200401,AGOL PRIMARY SCHOOL,2,3,72,5,2,0,7,8/19/2026 12:26
2404,MAHESANA,240402,KADI,2404020008,KUNDAL,24040206202,AKDAS PRIMARY SCHOOL,2,5,46,22,20,0,42,8/19/2026 12:26
2404,MAHESANA,240402,KADI,2404020008,KUNDAL,24040200501,ALDESAN PRIMARY SCHOOL,2,3,35,1,2,0,3,8/19/2026 12:26
2404,MAHESANA,240402,KADI,2404020004,KADI KUMAR SHALA - 2,24040200601,ALUSANA PRIMARY SCHOOL,1,3,8,0,1,0,1,8/19/2026 12:26
2404,MAHESANA,240402,KADI,2404020006,KALYANPURA,24040200701,AMARNAGAR PRIMARY SCHOOL,1,3,9,0,1,0,1,8/19/2026 12:26
2404,MAHESANA,240402,KADI,2404020013,THOL,24040200801,AMBALIYARA PRIMARY SCHOOL,2,3,25,0,0,0,0,8/19/2026 12:26
2404,MAHESANA,240402,KADI,2404020012,RAJPUR,24040200901,AMBAVPURA PRIMARY SCHOOL,2,3,16,2,1,0,3,8/19/2026 12:26
2404,MAHESANA,240402,KADI,2404020007,KARANNAGAR,24040201001,ANAKHOL PRIMARY SCHOOL,2,3,24,0,0,0,0,8/19/2026 12:26
2404,MAHESANA,240402,KADI,2404020001,DANGARWA,24040201101,ANANDPURA PRIMARY SCHOOL,2,3,21,3,0,0,3,8/19/2026 12:26
2404,MAHESANA,240402,KADI,2404020010,MEDHA,24040209502,ANUDANIT NIVASI PRATHMIK SHALA NADAN,2,2,1,1,0,0,1,8/19/2026 12:26
2404,MAHESANA,240402,KADI,2404020014,VISATPURA,24040201201,BABAJIPURA PRIMARY SCHOOL,2,3,16,0,0,0,0,8/19/2026 12:26
2404,MAHESANA,240402,KADI,2404020004,KADI KUMAR SHALA - 2,24040201302,BALASAR COLONY PRI SCHOOL,1,3,3,0,0,0,0,8/19/2026 12:26
2404,MAHESANA,240402,KADI,2404020004,KADI KUMAR SHALA - 2,24040201301,BALASAR PRIMARY SCHOOL,2,3,34,6,3,0,9,8/19/2026 12:26
2404,MAHESANA,240402,KADI,2404020013,THOL,24040201401,BAPAIYARA PRIMARY SCHOOL,1,3,4,0,0,0,0,8/19/2026 12:26
2404,MAHESANA,240402,KADI,2404020010,MEDHA,24040201501,BAVLU PRIMARY SCHOOL,2,3,60,0,3,0,3,8/19/2026 12:26
2404,MAHESANA,240402,KADI,2404020014,VISATPURA,24040201701,BHALTHI DHARAMPUR PRI SCHOOL,2,3,9,0,0,0,0,8/19/2026 12:26
2404,MAHESANA,240402,KADI,2404020012,RAJPUR,24040210802,BHAMARIYAPURA (R) PRI SCHOOL,2,3,41,4,2,0,6,8/19/2026 12:26
2404,MAHESANA,240402,KADI,2404020005,KADI KUMAR SHALA - 3,24040206506,BHAVKUNJ SCHOOL,3,5,82,4,15,0,19,8/19/2026 12:26
2404,MAHESANA,240402,KADI,2404020009,MEDA ADARAJ,24040201901,BORISANA PRIMARY SCHOOL,2,3,47,4,0,0,4,8/19/2026 12:26
2404,MAHESANA,240402,KADI,2404020007,KARANNAGAR,24040202001,BUDASAN PRIMARY SCHOOL,2,3,48,8,1,0,9,8/19/2026 12:26
2404,MAHESANA,240402,KADI,2404020012,RAJPUR,24040202101,CHADASANA PRIMARY SCHOOL,2,3,20,0,0,0,0,8/19/2026 12:26
2404,MAHESANA,240402,KADI,2404020013,THOL,24040202301,CHANDANPURA PRIMARY SCH,1,3,11,0,5,0,5,8/19/2026 12:26
2404,MAHESANA,240402,KADI,2404020012,RAJPUR,24040202401,CHANDARADA PRIMARY SCHOOL,2,3,49,2,2,0,4,8/19/2026 12:26
2404,MAHESANA,240402,KADI,2404020010,MEDHA,24040202501,CHANDRASAN PRIMARY SCHOOL,2,3,35,0,0,0,0,8/19/2026 12:26
2404,MAHESANA,240402,KADI,2404020009,MEDA ADARAJ,24040209003,CHAREDI PRI.SCHOOL,1,3,27,1,0,0,1,8/19/2026 12:26
2404,MAHESANA,240402,KADI,2404020014,VISATPURA,24040202601,CHAROL PRIMARY SCHOOL,2,3,29,0,0,0,0,8/19/2026 12:26
2404,MAHESANA,240402,KADI,2404020001,DANGARWA,24040202802,DANGARVA PRI KANYA SCHOOL,2,3,52,0,3,0,3,8/19/2026 12:26
2404,MAHESANA,240402,KADI,2404020002,DARAN,24040203001,DARAN MORVA PRIMARY SCHOOL,1,3,3,0,0,0,0,8/19/2026 12:26
2404,MAHESANA,240402,KADI,2404020002,DARAN,24040202901,DARAN PRIMARY SCHOOL,1,3,14,0,0,0,0,8/19/2026 12:26
2404,MAHESANA,240402,KADI,2404020012,RAJPUR,24040210807,DELHI PUBLIC SCHOOL KADI,3,5,11,5,3,0,8,8/19/2026 12:26
2404,MAHESANA,240402,KADI,2404020010,MEDHA,24040203101,DELLA PRIMARY SCHOOL,2,3,45,3,2,0,5,8/19/2026 12:26
2404,MAHESANA,240402,KADI,2404020004,KADI KUMAR SHALA - 2,24040203201,DEUSANA PRIMARY SCHOOL,2,3,20,0,1,0,1,8/19/2026 12:26
2404,MAHESANA,240402,KADI,2404020005,KADI KUMAR SHALA - 3,24040203301,DEVGADH PRIMARY SCHOOL,1,3,6,0,0,0,0,8/19/2026 12:26
2404,MAHESANA,240402,KADI,2404020012,RAJPUR,24040203601,DHARPURA PRIMARY SCHOOL,1,3,3,0,1,0,1,8/19/2026 12:26
2404,MAHESANA,240402,KADI,2404020014,VISATPURA,24040203801,DHORIYA PRIMARY SCHOOL,2,3,19,0,0,0,0,8/19/2026 12:26
2404,MAHESANA,240402,KADI,2404020011,NAVAPURA (NA),24040209706,DR NAKADAR INST OF KNOWLEDGE,2,5,124,4,2,0,6,8/19/2026 12:26
2404,MAHESANA,240402,KADI,2404020005,KADI KUMAR SHALA - 3,24040214405,DR RAMBHAIPATEL PRI SCHOOL,1,5,120,67,45,0,112,8/19/2026 12:26
2404,MAHESANA,240402,KADI,2404020005,KADI KUMAR SHALA - 3,24040206507,Dr. Rambhai M. Patel School,2,5,70,31,26,0,57,8/19/2026 12:26
2404,MAHESANA,240402,KADI,2404020003,KADI KANYA SHALA - 4,24040204001,DUDHAI PRIMARY SCHOOL,2,3,17,0,0,0,0,8/19/2026 12:26
2404,MAHESANA,240402,KADI,2404020006,KALYANPURA,24040204101,FATEHPURA PRIMARY SCHOOL,1,3,7,0,0,0,0,8/19/2026 12:26
2404,MAHESANA,240402,KADI,2404020009,MEDA ADARAJ,24040204201,FULETRA PRIMARY SCHOOL,2,3,50,0,1,0,1,8/19/2026 12:26
2404,MAHESANA,240402,KADI,2404020014,VISATPURA,24040204301,GALODARA PRIMARY SCHOOL,2,3,5,0,0,0,0,8/19/2026 12:26
2404,MAHESANA,240402,KADI,2404020011,NAVAPURA (NA),24040204401,GANESHPURA PRIMARY SCHOOL,2,3,21,0,0,0,0,8/19/2026 12:26
2404,MAHESANA,240402,KADI,2404020008,KUNDAL,24040206301,GEETANJALI HINDI VIDHYALAYA,2,5,57,10,7,0,17,8/19/2026 12:26
2404,MAHESANA,240402,KADI,2404020002,DARAN,24040208102,GHUGHALA PRI.SCHOOL,2,3,23,0,0,0,0,8/19/2026 12:26
2404,MAHESANA,240402,KADI,2404020001,DANGARWA,24040204601,GHUMASAN PRIMARY SCHOOL,2,3,39,4,1,0,5,8/19/2026 12:26
2404,MAHESANA,240402,KADI,2404020010,MEDHA,24040204701,GOVINDPURA PRIMARY SCHOOL,1,3,5,1,1,0,2,8/19/2026 12:26
2404,MAHESANA,240402,KADI,2404020014,VISATPURA,24040204801,HARIPURA PRIMARY SCHOOL,1,3,2,0,0,0,0,8/19/2026 12:26
2404,MAHESANA,240402,KADI,2404020003,KADI KANYA SHALA - 4,24040206102,HOLY FAMILY SCHOOL,2,5,71,8,4,0,12,8/19/2026 12:26
2404,MAHESANA,240402,KADI,2404020013,THOL,24040212504,INDIRANAGAR (THOL) PRI SCHOOL,2,3,28,0,0,0,0,8/19/2026 12:26
2404,MAHESANA,240402,KADI,2404020007,KARANNAGAR,24040205001,IRANA PRIMARY SCHOOL,2,3,66,2,4,0,6,8/19/2026 12:26
2404,MAHESANA,240402,KADI,2404020006,KALYANPURA,24040205101,ISHWARPURA PRIMARY SCHOOL,1,3,4,0,0,0,0,8/19/2026 12:26
2404,MAHESANA,240402,KADI,2404020004,KADI KUMAR SHALA - 2,24040205201,JADAVPURA PRI SCHOOL - 1,1,3,7,0,0,0,0,8/19/2026 12:26
2404,MAHESANA,240402,KADI,2404020006,KALYANPURA,24040205301,JAMIYATPURA PRIMARY SCHOOL,2,3,12,0,0,0,0,8/19/2026 12:26
2404,MAHESANA,240402,KADI,2404020008,KUNDAL,24040205401,JASALPUR PRIMARY SCHOOL,1,3,29,1,0,0,1,8/19/2026 12:26
2404,MAHESANA,240402,KADI,2404020003,KADI KANYA SHALA - 4,24040205501,JAYDEVPURA PRIMARY SCHOOL,1,3,3,0,0,0,0,8/19/2026 12:26
2404,MAHESANA,240402,KADI,2404020010,MEDHA,24040205601,JESANGPURA PRIMARY SCHOOL,2,3,9,0,0,0,0,8/19/2026 12:26
2404,MAHESANA,240402,KADI,2404020009,MEDA ADARAJ,24040205701,JETPURA PRIMARY SCHOOL,2,3,29,2,1,0,3,8/19/2026 12:26
2404,MAHESANA,240402,KADI,2404020005,KADI KUMAR SHALA - 3,24040206501,KADI KUMAR SCHOOL NO-3,2,3,40,14,0,0,14,8/19/2026 12:26
2404,MAHESANA,240402,KADI,2404020008,KUNDAL,24040206201,KADI TALUKA PRIMARY SCH - 1,2,3,55,17,9,0,26,8/19/2026 12:26
2404,MAHESANA,240402,KADI,2404020011,NAVAPURA (NA),24040206701,KAIYAL PRIMARY SCHOOL,2,3,30,2,1,0,3,8/19/2026 12:26
2404,MAHESANA,240402,KADI,2404020006,KALYANPURA,24040206801,KALYANPURA PRIMARY SCHOOL,2,3,32,1,2,0,3,8/19/2026 12:26
2404,MAHESANA,240402,KADI,2404020014,VISATPURA,24040206901,KAMALAPURA PRIMARY SCHOOL,1,3,1,0,0,0,0,8/19/2026 12:26
2404,MAHESANA,240402,KADI,2404020010,MEDHA,24040207001,KANAJARI PRIMARY SCHOOL,2,3,28,0,1,0,1,8/19/2026 12:26
2404,MAHESANA,240402,KADI,2404020004,KADI KUMAR SHALA - 2,24040208302,KANCHANBEN B PATEL & BHAGAVATIBEN B PATEL PRI SCHOOL,3,5,3,0,0,0,0,8/19/2026 12:26
2404,MAHESANA,240402,KADI,2404020007,KARANNAGAR,24040207101,KARANNAGAR PRIMARY SCHOOL,2,3,58,3,5,0,8,8/19/2026 12:26
2404,MAHESANA,240402,KADI,2404020001,DANGARWA,24040207201,KARJISAN ADARSH PRI SCHOOL,2,3,28,1,1,0,2,8/19/2026 12:26
2404,MAHESANA,240402,KADI,2404020009,MEDA ADARAJ,24040207301,KARSHANPURA PRIMARY SCHOOL,2,3,11,0,0,0,0,8/19/2026 12:26
2404,MAHESANA,240402,KADI,2404020003,KADI KANYA SHALA - 4,24040207401,KASVA PRIMARY SCHOOL,2,3,22,0,0,0,0,8/19/2026 12:26
2404,MAHESANA,240402,KADI,2404020010,MEDHA,24040207701,KHANDERAVPURA PAY CENTER  SCH,2,3,12,1,0,0,1,8/19/2026 12:26
2404,MAHESANA,240402,KADI,2404020005,KADI KUMAR SHALA - 3,24040207601,KHANDMORVA PRI SCHOOL,2,3,11,0,0,0,0,8/19/2026 12:26
2404,MAHESANA,240402,KADI,2404020002,DARAN,24040207801,KHAVAD PRIMARY SCHOOL,2,3,27,1,0,0,1,8/19/2026 12:26
2404,MAHESANA,240402,KADI,2404020011,NAVAPURA (NA),24040207901,KHERPUR PRIMARY SCHOOL,2,3,27,0,0,0,0,8/19/2026 12:26
2404,MAHESANA,240402,KADI,2404020002,DARAN,24040208001,KOLAD PRIMARY SCHOOL,2,3,18,0,1,0,1,8/19/2026 12:26
2404,MAHESANA,240402,KADI,2404020004,KADI KUMAR SHALA - 2,24040206104,KOMAL GAURAV PATEL ADARSH PRI. SCHOOL (ENG),2,5,50,3,1,0,4,8/19/2026 12:26
2404,MAHESANA,240402,KADI,2404020014,VISATPURA,24040208101,KORADA PRIMARY SCHOOL,2,3,8,0,1,0,1,8/19/2026 12:26
2404,MAHESANA,240402,KADI,2404020002,DARAN,24040208201,LAXMANPURA PRIMARY SCHOOL,1,3,6,0,0,0,0,8/19/2026 12:26
2404,MAHESANA,240402,KADI,2404020004,KADI KUMAR SHALA - 2,24040208301,LAXMIPURA (KADI) PRI SCHOOL,2,3,15,0,2,0,2,8/19/2026 12:26
2404,MAHESANA,240402,KADI,2404020012,RAJPUR,24040208401,LAXMIPURA (NAND) PRI SCHOOL,2,3,25,1,0,0,1,8/19/2026 12:26
2404,MAHESANA,240402,KADI,2404020002,DARAN,24040208501,LHOR PRIMARY SCHOOL,2,3,22,0,0,0,0,8/19/2026 12:26
2404,MAHESANA,240402,KADI,2404020007,KARANNAGAR,24040208601,LUNASAN PRIMARY SCHOOL,2,3,45,1,1,0,2,8/19/2026 12:26
2404,MAHESANA,240402,KADI,2404020014,VISATPURA,24040208701,MAHARAJPURA PRIMARY SCHOOL,1,3,2,0,0,0,0,8/19/2026 12:26
2404,MAHESANA,240402,KADI,2404020002,DARAN,24040208801,MANIPUR PRIMARY SCHOOL,2,3,10,1,0,0,1,8/19/2026 12:26
2404,MAHESANA,240402,KADI,2404020011,NAVAPURA (NA),24040208901,MATHASUR PRIMARY SCHOOL,2,3,37,2,2,0,4,8/19/2026 12:26
2404,MAHESANA,240402,KADI,2404020009,MEDA ADARAJ,24040209001,MEDA ADARAJ PAY CENTER SCH,2,3,46,4,5,0,9,8/19/2026 12:26
2404,MAHESANA,240402,KADI,2404020010,MEDHA,24040209101,MEDHA PRIMARY SCHOOL,2,3,12,1,1,0,2,8/19/2026 12:26
2404,MAHESANA,240402,KADI,2404020009,MEDA ADARAJ,24040209201,MERDA PRIMARY SCHOOL,2,3,4,0,0,0,0,8/19/2026 12:26
2404,MAHESANA,240402,KADI,2404020008,KUNDAL,24040209301,MOKASAN PRIMARY SCHOOL,2,3,16,0,1,0,1,8/19/2026 12:26
2404,MAHESANA,240402,KADI,2404020010,MEDHA,24040209501,NADAN PRIMARY SCHOOL,2,3,18,0,0,0,0,8/19/2026 12:26
2404,MAHESANA,240402,KADI,2404020008,KUNDAL,24040209601,NAGARASAN PRIMARY SCHOOL,2,3,14,0,0,0,0,8/19/2026 12:26
2404,MAHESANA,240402,KADI,2404020011,NAVAPURA (NA),24040209710,NANDASAN ENGLISH MEDIUM SCHOOL,6,5,27,2,1,0,3,8/19/2026 12:26
2404,MAHESANA,240402,KADI,2404020011,NAVAPURA (NA),24040209707,NANDASAN NAVIN MIX SCHOOL - 3,1,3,12,0,1,0,1,8/19/2026 12:26
2404,MAHESANA,240402,KADI,2404020011,NAVAPURA (NA),24040209702,NANDASAN PRIMARY KANYA SCH,2,3,41,0,4,0,4,8/19/2026 12:26
2404,MAHESANA,240402,KADI,2404020011,NAVAPURA (NA),24040209701,NANDASAN PRIMARY KUMAR SCH,2,3,46,11,0,0,11,8/19/2026 12:26
2404,MAHESANA,240402,KADI,2404020002,DARAN,24040209801,NANDOLIA PRIMARY SCHOOL,2,3,13,0,0,0,0,8/19/2026 12:26
2404,MAHESANA,240402,KADI,2404020003,KADI KANYA SHALA - 4,24040209901,NANI KADI PRIMARY SCHOOL,2,3,28,1,2,0,3,8/19/2026 12:26
2404,MAHESANA,240402,KADI,2404020001,DANGARWA,24040210101,NAROLA PRIMARY SCHOOL,2,3,31,0,1,0,1,8/19/2026 12:26
2404,MAHESANA,240402,KADI,2404020005,KADI KUMAR SHALA - 3,24040210201,NARSIHNPURA PRIMARY SCHOOL,2,3,15,0,0,0,0,8/19/2026 12:26
2404,MAHESANA,240402,KADI,2404020011,NAVAPURA (NA),24040210301,NAVAPURA (NANDASAN) PRI SCH,2,3,32,1,1,0,2,8/19/2026 12:26
2404,MAHESANA,240402,KADI,2404020013,THOL,24040212506,OUR OWN HIGH SCHOOL,6,5,43,3,1,0,4,8/19/2026 12:26
2404,MAHESANA,240402,KADI,2404020006,KALYANPURA,24040210401,PALLI PRIMARY SCHOOL,2,3,8,0,0,0,0,8/19/2026 12:26
2404,MAHESANA,240402,KADI,2404020010,MEDHA,24040210601,PANTHODA PRIMARY SCHOOL,2,3,65,0,1,0,1,8/19/2026 12:26
2404,MAHESANA,240402,KADI,2404020005,KADI KUMAR SHALA - 3,24040210701,PIROJPUR PRIMARY SCHOOL,2,3,13,1,0,0,1,8/19/2026 12:26
2404,MAHESANA,240402,KADI,2404020008,KUNDAL,24040207501,PM SHRI  KUNDAL PRIMARY SCHOOL,2,3,96,8,9,0,17,8/19/2026 12:26
2404,MAHESANA,240402,KADI,2404020007,KARANNAGAR,24040200201,PM SHRI ACHARASAN PRIMARY SCHOOL GOG,2,3,38,2,2,0,4,8/19/2026 12:26
2404,MAHESANA,240402,KADI,2404020007,KARANNAGAR,24040204901,PM SHRI INDRAD PRIMARY SCHOOL GOG,2,3,125,1,8,0,9,8/19/2026 12:26
2404,MAHESANA,240402,KADI,2404020004,KADI KUMAR SHALA - 2,24040205801,PM SHRI KADI PAY CENTER SCHOOL - 2,2,3,72,13,15,0,28,8/19/2026 12:26
2404,MAHESANA,240402,KADI,2404020004,KADI KUMAR SHALA - 2,24040206402,PRABHAVIT PRIMARY SCHOOL,2,5,20,11,4,0,15,8/19/2026 12:26
2404,MAHESANA,240402,KADI,2404020005,KADI KUMAR SHALA - 3,24040206601,RAJIVNAGAR PRIMARY SCHOOL,2,3,32,0,2,0,2,8/19/2026 12:26
2404,MAHESANA,240402,KADI,2404020012,RAJPUR,24040210803,RAJPUR HIGHWAY PRI SCHOOL,2,3,30,3,2,0,5,8/19/2026 12:26
2404,MAHESANA,240402,KADI,2404020012,RAJPUR,24040210804,RAJPUR PRIMARY SCHOOL,2,3,147,7,11,0,18,8/19/2026 12:26
2404,MAHESANA,240402,KADI,2404020004,KADI KUMAR SHALA - 2,24040201303,RAMGADH (B) PRIMARY SCHOOL,1,3,12,1,1,0,2,8/19/2026 12:26
2404,MAHESANA,240402,KADI,2404020005,KADI KUMAR SHALA - 3,24040210901,RANCHHODPURA PRIMARY SCH,2,3,6,0,0,0,0,8/19/2026 12:26
2404,MAHESANA,240402,KADI,2404020005,KADI KUMAR SHALA - 3,24040211001,RANGPURDA PRIMARY SCHOOL,2,3,15,1,0,0,1,8/19/2026 12:26
2404,MAHESANA,240402,KADI,2404020005,KADI KUMAR SHALA - 3,24040205813,RASIKLAL NATHALAL SHAH (RANGWALA) PRIMARY SCHOOL AND UPPER PRIMARY ,2,5,65,4,9,0,13,8/19/2026 12:26
2404,MAHESANA,240402,KADI,2404020002,DARAN,24040211101,ROZAPURI PRIMARY SCHOOL,1,3,7,0,0,0,0,8/19/2026 12:26
2404,MAHESANA,240402,KADI,2404020004,KADI KUMAR SHALA - 2,24040211201,SADRA PRIMARY SCHOOL,2,3,29,0,0,0,0,8/19/2026 12:26
2404,MAHESANA,240402,KADI,2404020008,KUNDAL,24040211301,SARSAV PRIMARY SCHOOL,2,3,38,4,2,0,6,8/19/2026 12:26
2404,MAHESANA,240402,KADI,2404020002,DARAN,24040211401,SEDARADI PRIMARY SCHOOL,2,3,8,0,0,0,0,8/19/2026 12:26
2404,MAHESANA,240402,KADI,2404020014,VISATPURA,24040211501,SEDARANA PRIMARY SCHOOL,2,3,23,0,0,0,0,8/19/2026 12:26
2404,MAHESANA,240402,KADI,2404020013,THOL,24040211601,SEDFA PRIMARY SCHOOL,1,3,2,0,0,0,0,8/19/2026 12:26
2404,MAHESANA,240402,KADI,2404020004,KADI KUMAR SHALA - 2,24040206204,SHAH G.P. PRIMARY SCHOOL,1,5,63,23,28,0,51,8/19/2026 12:26
2404,MAHESANA,240402,KADI,2404020005,KADI KUMAR SHALA - 3,24044100869,SHANTI ANGEL ENGLISH MEDIUM SCHOOL,1,5,18,7,11,0,18,8/19/2026 12:26
2404,MAHESANA,240402,KADI,2404020007,KARANNAGAR,24040207107,Shanti International School,6,5,86,24,28,0,52,8/19/2026 12:26
2404,MAHESANA,240402,KADI,2404020003,KADI KANYA SHALA - 4,24040209913,SHETH SHREE KARSHANBHAI JETHIDAS PATEL SANSKAR VIDHYALAY,3,5,112,3,13,0,16,8/19/2026 12:26
2404,MAHESANA,240402,KADI,2404020003,KADI KANYA SHALA - 4,24040211701,SHIYAPURA PRIMARY SCHOOL,2,3,11,0,1,0,1,8/19/2026 12:26
2404,MAHESANA,240402,KADI,2404020004,KADI KUMAR SHALA - 2,24040206602,SHREE I P PATEL AND D P PATEL,2,5,3,1,1,0,2,8/19/2026 12:26
2404,MAHESANA,240402,KADI,2404020004,KADI KUMAR SHALA - 2,24040206505,SHREE KADI NAG SAH BANK PRA SCH BHAUPURA,2,5,152,83,56,0,139,8/19/2026 12:26
2404,MAHESANA,240402,KADI,2404020002,DARAN,24044100534,SHREE NUTAN VIDYALAY,2,5,12,1,1,0,2,8/19/2026 12:26
2404,MAHESANA,240402,KADI,2404020005,KADI KUMAR SHALA - 3,24040209914,SHREE R.K.PATEL SANSKAR ENGLISH MEDIUM SCHOOL,2,5,79,30,11,0,41,8/19/2026 12:26
2404,MAHESANA,240402,KADI,2404020004,KADI KUMAR SHALA - 2,24040209910,SHREE VED INTERNATIONAL SCHOOL,2,5,1,0,0,0,0,8/19/2026 12:26
2404,MAHESANA,240402,KADI,2404020007,KARANNAGAR,24040207103,SHRI A.I. PATEL PRI SCHOOL,1,5,49,2,1,0,3,8/19/2026 12:26
2404,MAHESANA,240402,KADI,2404020009,MEDA ADARAJ,24040209002,SHRI B.K. PATEL PRIMARY SCHOOL,2,5,27,2,1,0,3,8/19/2026 12:26
2404,MAHESANA,240402,KADI,2404020005,KADI KUMAR SHALA - 3,24040206502,SHRI KADI NAG SAH BANK PRI SCH,2,5,136,69,49,0,118,8/19/2026 12:26
2404,MAHESANA,240402,KADI,2404020006,KALYANPURA,24040206804,SHRI KALYAN VIDHYALAYA PRIMARY (NON GRANTED),1,5,62,2,0,0,2,8/19/2026 12:26
2404,MAHESANA,240402,KADI,2404020003,KADI KANYA SHALA - 4,24040209906,SHRI M N PATEL PRI SCHOOL,1,5,108,13,12,0,25,8/19/2026 12:26
2404,MAHESANA,240402,KADI,2404020013,THOL,24040212503,SHRI THOL KEL-UTTE-MANDAL PRI,2,5,9,7,2,0,9,8/19/2026 12:26
2404,MAHESANA,240402,KADI,2404020003,KADI KANYA SHALA - 4,24040205901,SHRI VIDHYAMANDIR PRI SCHOOL,2,5,16,5,6,0,11,8/19/2026 12:26
2404,MAHESANA,240402,KADI,2404020003,KADI KANYA SHALA - 4,24040214407,SHRIMATI SURYABEN DILIPBHAI PATEL ADARSH PRIMARY SMART SCHOOL,2,5,91,41,29,0,70,8/19/2026 12:26
2404,MAHESANA,240402,KADI,2404020004,KADI KUMAR SHALA - 2,24040206103,SMT LILABEN BALDEVBHAI PATEL ADARSH PRI SCHOOL,2,5,52,25,19,0,44,8/19/2026 12:26
2404,MAHESANA,240402,KADI,2404020005,KADI KUMAR SHALA - 3,24040206503,SMT S D PATEL PRI ENGLISH SCHOOL,2,5,57,36,15,0,51,8/19/2026 12:26
2404,MAHESANA,240402,KADI,2404020004,KADI KUMAR SHALA - 2,24040206101,SMT U.P. PARIKH ADARSH PRI SCH,2,5,121,56,41,0,97,8/19/2026 12:26
2404,MAHESANA,240402,KADI,2404020011,NAVAPURA (NA),24040209705,SMT. D.S. PATEL PRI SCHOOL,2,5,36,5,4,0,9,8/19/2026 12:26
2404,MAHESANA,240402,KADI,2404020002,DARAN,24040211801,SONVAD PRIMARY SCHOOL,1,3,5,0,0,0,0,8/19/2026 12:26
2404,MAHESANA,240402,KADI,2404020005,KADI KUMAR SHALA - 3,24040211901,SUJATPURA PRIMARY SCHOOL,1,3,11,0,0,0,0,8/19/2026 12:26
2404,MAHESANA,240402,KADI,2404020001,DANGARWA,24040212101,TANKIYA PRIMARY SCHOOL,2,3,22,0,1,0,1,8/19/2026 12:26
2404,MAHESANA,240402,KADI,2404020013,THOL,24040212201,TARSANIA PRIMARY SCHOOL,1,3,5,0,0,0,0,8/19/2026 12:26
2404,MAHESANA,240402,KADI,2404020014,VISATPURA,24040212301,THADOD PRIMARY SCHOOL,1,3,4,1,0,0,1,8/19/2026 12:26
2404,MAHESANA,240402,KADI,2404020013,THOL,24040212501,THOL PAY CENTER SCHOOL,2,3,69,2,1,0,3,8/19/2026 12:26
2404,MAHESANA,240402,KADI,2404020012,RAJPUR,24040212601,UMANAGAR (NA) PRIMARY SCHOOL,2,3,47,4,4,0,8,8/19/2026 12:26
2404,MAHESANA,240402,KADI,2404020008,KUNDAL,24040212701,UNTAVA ANUPAM PRIMARY SCHOOL,2,3,57,0,3,0,3,8/19/2026 12:26
2404,MAHESANA,240402,KADI,2404020009,MEDA ADARAJ,24040212801,VADAVI PRIMARY SCHOOL,2,3,30,0,0,0,0,8/19/2026 12:26
2404,MAHESANA,240402,KADI,2404020011,NAVAPURA (NA),24040212901,VADPURA PRIMARY SCHOOL,2,3,7,1,0,0,1,8/19/2026 12:26
2404,MAHESANA,240402,KADI,2404020001,DANGARWA,24040213001,VADU PRIMARY SCHOOL,2,3,39,1,1,0,2,8/19/2026 12:26
2404,MAHESANA,240402,KADI,2404020006,KALYANPURA,24040213101,VAGHARODA PRIMARY SCHOOL,2,3,25,0,0,0,0,8/19/2026 12:26
2404,MAHESANA,240402,KADI,2404020006,KALYANPURA,24040213201,VALAVADI PRIMARY SCHOOL,1,3,4,0,0,0,0,8/19/2026 12:26
2404,MAHESANA,240402,KADI,2404020009,MEDA ADARAJ,24040213302,VAMAJ PRIMARY SCHOOL,1,3,43,2,2,0,4,8/19/2026 12:26
2404,MAHESANA,240402,KADI,2404020009,MEDA ADARAJ,24040213401,VANASOL PRIMARY SCHOOL,2,3,37,0,0,0,0,8/19/2026 12:26
2404,MAHESANA,240402,KADI,2404020006,KALYANPURA,24040213501,VARKHADIYA PRIMARY SCHOOL,2,3,35,0,0,0,0,8/19/2026 12:26
2404,MAHESANA,240402,KADI,2404020006,KALYANPURA,24040213601,VEKRA ANUPAM PRI SCHOOL,2,3,33,0,0,0,0,8/19/2026 12:26
2404,MAHESANA,240402,KADI,2404020003,KADI KANYA SHALA - 4,24040213701,VIDAJ PRIMARY SCHOOL,2,3,56,1,0,0,1,8/19/2026 12:26
2404,MAHESANA,240402,KADI,2404020001,DANGARWA,24040204604,VIDYA VIHAR (PRI. SECT.),2,5,41,2,2,0,4,8/19/2026 12:26
2404,MAHESANA,240402,KADI,2404020014,VISATPURA,24040214001,VISATPURA PAY CENTER SCHOOL,2,3,18,0,1,0,1,8/19/2026 12:26
2404,MAHESANA,240402,KADI,2404020008,KUNDAL,24040213901,VISHALPUR PRIMARY SCHOOL,2,3,25,0,0,0,0,8/19/2026 12:26
2404,MAHESANA,240402,KADI,2404020010,MEDHA,24040214101,YASHVANTPURA PRI SCHOOL,1,3,6,0,0,0,0,8/19/2026 12:26
2404,MAHESANA,240402,KADI,2404020013,THOL,24040214201,ZALODA PRIMARY SCHOOL,2,3,50,1,1,0,2,8/19/2026 12:26
2404,MAHESANA,240402,KADI,2404020012,RAJPUR,24040214301,ZULASAN PRIMARY SCHOOL,2,3,60,0,0,0,0,8/19/2026 12:26
